Workbook

Sheet OVERVIEW
A1: EU Green-Transition Regulatory Intermediaries — Final Three-Case Dataset
A4: Researcher-adjudicated dataset using a multi-level R-I-T architecture: Act/Regime → Actor-in-Role → Intermediary Function/Mechanism, supported by relation-level evidence.
A6: =COUNTA(ACT_SUMMARY!A2:A4) -> 3 | C6: =SUM(ACT_SUMMARY!F2:F4) -> 20 | E6: =SUM(ACT_SUMMARY!G2:G4) -> 12 | G6: =SUM(ACT_SUMMARY!I2:I4) -> 12
A7: Regulations | C7: Final relations | E7: Intermediated relations | G7: Intermediary actor-role records
A9: Final analytical structure
A10: Level | B10: Purpose
A11: Act / regime | B11: Defines the legal and institutional context of each regulation.
A12: Actor-in-role | B12: Maps actors as R, I or T within each act; roles remain relational and context-dependent.
A13: Relation evidence | B13: Preserves the operative legal episodes that justify role and intermediary classifications.
A15: Cases
A16: Case | B16: CELEX | C16: Regulation | D16: Domain | E16: Final relations | F16: Intermediated | G16: Direct | H16: Source
A17: case_01 | B17: 32021R1119 | C17: Regulation (EU) 2021/1119 — European Climate Law | D17: Climate governance | E17: =ACT_SUMMARY!F2 -> 5 | F17: =ACT_SUMMARY!G2 -> 3 | G17: =ACT_SUMMARY!H2 -> 2 | H17: https://eur-lex.europa.eu/legal-content/EN/TXT/HTML/?uri=CELEX:32021R1119
A18: case_02 | B18: 32023R0956 | C18: Regulation (EU) 2023/956 — Carbon Border Adjustment Mechanism (CBAM) | D18: Climate, trade and industrial decarbonisation | E18: =ACT_SUMMARY!F3 -> 9 | F18: =ACT_SUMMARY!G3 -> 5 | G18: =ACT_SUMMARY!H3 -> 4 | H18: https://eur-lex.europa.eu/legal-content/EN/TXT/HTML/?uri=CELEX:32023R0956
A19: case_03 | B19: 32023R1115 | C19: Regulation (EU) 2023/1115 — Deforestation-Free Products Regulation (EUDR) | D19: Deforestation, biodiversity and supply-chain governance | E19: =ACT_SUMMARY!F4 -> 6 | F19: =ACT_SUMMARY!G4 -> 4 | G19: =ACT_SUMMARY!H4 -> 2 | H19: https://eur-lex.europa.eu/legal-content/EN/TXT/HTML/?uri=CELEX:32023R1115
A21: Mechanism-family convention
A22: Family | B22: Meaning in this dataset
A23: reporting | B23: Formal reporting or evidence transmission used as part of the regulatory mechanism.
A24: certification | B24: Certification/licensing/accreditation functions that validate actors or compliance status.
A25: auditing | B25: Independent verification/assurance of regulated information or performance.
A26: other | B26: Institutionally integrated intermediary functions outside the four focal families (e.g., comitology, expert consultation, border-information functions).
A27: ranking/rating | B27: No final instance identified in these three acts.

Sheet ACT_SUMMARY
A1: case_id | B1: celex | C1: act_title | D1: domain | E1: source_url | F1: final_relations | G1: intermediated | H1: direct | I1: unique_intermediary_actors | J1: regulator_facing_I | K1: target_facing_I | L1: bidirectional_I | M1: intermediary_actors | N1: mechanism_families_observed
A2: case_01 | B2: 32021R1119 | C2: Regulation (EU) 2021/1119 — European Climate Law | D2: Climate governance | E2: https://eur-lex.europa.eu/legal-content/EN/TXT/HTML/?uri=CELEX:32021R1119 | F2: =COUNTIF(RELATION_EVIDENCE!$B$2:$B$21,$A2) -> 5 | G2: =COUNTIFS(RELATION_EVIDENCE!$B$2:$B$21,$A2,RELATION_EVIDENCE!$E$2:$E$21,"intermediated") -> 3 | H2: =COUNTIFS(RELATION_EVIDENCE!$B$2:$B$21,$A2,RELATION_EVIDENCE!$E$2:$E$21,"direct") -> 2 | I2: =COUNTIFS(ACTOR_ROLE_MAP!$B$2:$B$32,$A2,ACTOR_ROLE_MAP!$H$2:$H$32,"I") -> 3 | J2: =COUNTIFS(ACTOR_ROLE_MAP!$B$2:$B$32,$A2,ACTOR_ROLE_MAP!$H$2:$H$32,"I",ACTOR_ROLE_MAP!$I$2:$I$32,"regulator-facing") -> 3 | K2: =COUNTIFS(ACTOR_ROLE_MAP!$B$2:$B$32,$A2,ACTOR_ROLE_MAP!$H$2:$H$32,"I",ACTOR_ROLE_MAP!$I$2:$I$32,"target-facing") -> 0 | L2: =COUNTIFS(ACTOR_ROLE_MAP!$B$2:$B$32,$A2,ACTOR_ROLE_MAP!$H$2:$H$32,"I",ACTOR_ROLE_MAP!$I$2:$I$32,"bidirectional") -> 0 | M2: Energy Union Committee; European Environment Agency (EEA); European Scientific Advisory Board on Climate Change | N2: reporting; other
A3: case_02 | B3: 32023R0956 | C3: Regulation (EU) 2023/956 — Carbon Border Adjustment Mechanism (CBAM) | D3: Climate, trade and industrial decarbonisation | E3: https://eur-lex.europa.eu/legal-content/EN/TXT/HTML/?uri=CELEX:32023R0956 | F3: =COUNTIF(RELATION_EVIDENCE!$B$2:$B$21,$A3) -> 9 | G3: =COUNTIFS(RELATION_EVIDENCE!$B$2:$B$21,$A3,RELATION_EVIDENCE!$E$2:$E$21,"intermediated") -> 5 | H3: =COUNTIFS(RELATION_EVIDENCE!$B$2:$B$21,$A3,RELATION_EVIDENCE!$E$2:$E$21,"direct") -> 4 | I3: =COUNTIFS(ACTOR_ROLE_MAP!$B$2:$B$32,$A3,ACTOR_ROLE_MAP!$H$2:$H$32,"I") -> 5 | J3: =COUNTIFS(ACTOR_ROLE_MAP!$B$2:$B$32,$A3,ACTOR_ROLE_MAP!$H$2:$H$32,"I",ACTOR_ROLE_MAP!$I$2:$I$32,"regulator-facing") -> 2 | K3: =COUNTIFS(ACTOR_ROLE_MAP!$B$2:$B$32,$A3,ACTOR_ROLE_MAP!$H$2:$H$32,"I",ACTOR_ROLE_MAP!$I$2:$I$32,"target-facing") -> 1 | L3: =COUNTIFS(ACTOR_ROLE_MAP!$B$2:$B$32,$A3,ACTOR_ROLE_MAP!$H$2:$H$32,"I",ACTOR_ROLE_MAP!$I$2:$I$32,"bidirectional") -> 2 | M3: Accredited verifiers; National accreditation bodies; Customs authorities; CBAM Committee; Experts designated by each Member State | N3: auditing; certification; other
A4: case_03 | B4: 32023R1115 | C4: Regulation (EU) 2023/1115 — Deforestation-Free Products Regulation (EUDR) | D4: Deforestation, biodiversity and supply-chain governance | E4: https://eur-lex.europa.eu/legal-content/EN/TXT/HTML/?uri=CELEX:32023R1115 | F4: =COUNTIF(RELATION_EVIDENCE!$B$2:$B$21,$A4) -> 6 | G4: =COUNTIFS(RELATION_EVIDENCE!$B$2:$B$21,$A4,RELATION_EVIDENCE!$E$2:$E$21,"intermediated") -> 4 | H4: =COUNTIFS(RELATION_EVIDENCE!$B$2:$B$21,$A4,RELATION_EVIDENCE!$E$2:$E$21,"direct") -> 2 | I4: =COUNTIFS(ACTOR_ROLE_MAP!$B$2:$B$32,$A4,ACTOR_ROLE_MAP!$H$2:$H$32,"I") -> 4 | J4: =COUNTIFS(ACTOR_ROLE_MAP!$B$2:$B$32,$A4,ACTOR_ROLE_MAP!$H$2:$H$32,"I",ACTOR_ROLE_MAP!$I$2:$I$32,"regulator-facing") -> 2 | K4: =COUNTIFS(ACTOR_ROLE_MAP!$B$2:$B$32,$A4,ACTOR_ROLE_MAP!$H$2:$H$32,"I",ACTOR_ROLE_MAP!$I$2:$I$32,"target-facing") -> 0 | L4: =COUNTIFS(ACTOR_ROLE_MAP!$B$2:$B$32,$A4,ACTOR_ROLE_MAP!$H$2:$H$32,"I",ACTOR_ROLE_MAP!$I$2:$I$32,"bidirectional") -> 2 | M4: Customs authorities; Natural or legal persons submitting substantiated concerns; FLEGT licensing authorities / licensing scheme; Comitology committee under Article 36 | N4: reporting; certification; other

Sheet ACTOR_ROLE_MAP
A1: actor_role_id | B1: case_id | C1: celex | D1: act_title | E1: actor | F1: actor_type | G1: governance_level | H1: role | I1: intermediation_orientation | J1: primary_function | K1: role_description | L1: supporting_relation_ids | M1: supporting_articles | N1: source_url
A2: AR_C01_001 | B2: case_01 | C2: 32021R1119 | D2: Regulation (EU) 2021/1119 — European Climate Law | E2: European Parliament and Council | F2: EU legislature | G2: EU | H2: R | K2: Formal Union rule-maker setting binding climate objectives through the Regulation. | L2: REL_C01_001 | M2: Articles 2(2) and 4(1) | N2: https://eur-lex.europa.eu/legal-content/EN/TXT/HTML/?uri=CELEX:32021R1119
A3: AR_C01_002 | B3: case_01 | C3: 32021R1119 | D3: Regulation (EU) 2021/1119 — European Climate Law | E3: European Commission | F3: EU institution | G3: EU | H3: R | K3: Sets strategies, conducts assessments, prepares proposals and adopts implementing measures. | L3: REL_C01_002; REL_C01_003; REL_C01_007; REL_C01_008 | M3: Articles 4, 5, 7, 8 and 13 | N3: https://eur-lex.europa.eu/legal-content/EN/TXT/HTML/?uri=CELEX:32021R1119
A4: AR_C01_003 | B4: case_01 | C4: 32021R1119 | D4: Regulation (EU) 2021/1119 — European Climate Law | E4: Energy Union Committee | F4: EU comitology committee | G4: EU | H4: I | I4: regulator-facing | J4: comitology / delegated implementation | K4: Assists the Commission in adopting implementing rules governing Member State reporting arrangements. | L4: REL_C01_008 | M4: Article 13(b) | N4: https://eur-lex.europa.eu/legal-content/EN/TXT/HTML/?uri=CELEX:32021R1119
A5: AR_C01_004 | B5: case_01 | C5: 32021R1119 | D5: Regulation (EU) 2021/1119 — European Climate Law | E5: European Environment Agency (EEA) | F5: EU agency | G5: EU | H5: I | I5: regulator-facing | J5: reporting / assessment support | K5: Provides reports and assistance that are institutionally integrated into Commission assessments of Member State progress and measures. | L5: REL_C01_003 | M5: Articles 8(3)(b) and 8(4) | N5: https://eur-lex.europa.eu/legal-content/EN/TXT/HTML/?uri=CELEX:32021R1119
A6: AR_C01_005 | B6: case_01 | C6: 32021R1119 | D6: Regulation (EU) 2021/1119 — European Climate Law | E6: European Scientific Advisory Board on Climate Change | F6: Independent scientific advisory body | G6: EU | H6: I | I6: regulator-facing | J6: scientific reporting / scientific advice | K6: Provides reports and scientific advice integrated into Commission assessment and climate-target formulation. | L6: REL_C01_003; REL_C01_007 | M6: Articles 4(4) and 8(3)(b) | N6: https://eur-lex.europa.eu/legal-content/EN/TXT/HTML/?uri=CELEX:32021R1119
A7: AR_C01_006 | B7: case_01 | C7: 32021R1119 | D7: Regulation (EU) 2021/1119 — European Climate Law | E7: Member States | F7: Governmental actor class | G7: Member State | H7: T | K7: Implement climate and adaptation obligations and are subject to Commission assessment and reporting arrangements. | L7: REL_C01_001; REL_C01_002; REL_C01_003; REL_C01_007; REL_C01_008 | M7: Articles 2, 4, 5, 7, 8 and 13 | N7: https://eur-lex.europa.eu/legal-content/EN/TXT/HTML/?uri=CELEX:32021R1119
A8: AR_C01_007 | B8: case_01 | C8: 32021R1119 | D8: Regulation (EU) 2021/1119 — European Climate Law | E8: Relevant Union institutions | F8: EU institutional actor class | G8: EU | H8: T | K8: Bound by the Regulation to take Union-level measures toward the climate-neutrality objective. | L8: REL_C01_001 | M8: Article 2(2) | N8: https://eur-lex.europa.eu/legal-content/EN/TXT/HTML/?uri=CELEX:32021R1119
A9: AR_C02_001 | B9: case_02 | C9: 32023R0956 | D9: Regulation (EU) 2023/956 — Carbon Border Adjustment Mechanism (CBAM) | E9: European Commission | F9: EU institution | G9: EU | H9: R | K9: Exercises central oversight, registry administration, rule-making, exemption assessment and delegated/implementing powers under CBAM. | L9: REL_C02_001; REL_C02_002; REL_C02_003; REL_C02_004; REL_C02_006; REL_C02_007; REL_C02_009; REL_C02_010 | M9: Articles 2, 10, 17–19, 25, 28 and 29 | N9: https://eur-lex.europa.eu/legal-content/EN/TXT/HTML/?uri=CELEX:32023R0956
A10: AR_C02_002 | B10: case_02 | C10: 32023R0956 | D10: Regulation (EU) 2023/956 — Carbon Border Adjustment Mechanism (CBAM) | E10: Member State competent authorities | F10: Public regulatory authority | G10: Member State | H10: R | K10: Authorise declarants, review compliance and impose penalties, including through information received from customs and verified declarations. | L10: REL_C02_001; REL_C02_003; REL_C02_004; REL_C02_005 | M10: Articles 17, 19, 25 and 26 | N10: https://eur-lex.europa.eu/legal-content/EN/TXT/HTML/?uri=CELEX:32023R0956
A11: AR_C02_003 | B11: case_02 | C11: 32023R0956 | D11: Regulation (EU) 2023/956 — Carbon Border Adjustment Mechanism (CBAM) | E11: Accredited verifiers | F11: Conformity-assessment actors | G11: Third-party / market | H11: I | I11: bidirectional | J11: verification / assurance | K11: Independently verify embedded-emissions data submitted by authorised CBAM declarants. | L11: REL_C02_001 | M11: Articles 6 and 8 | N11: https://eur-lex.europa.eu/legal-content/EN/TXT/HTML/?uri=CELEX:32023R0956
A12: AR_C02_004 | B12: case_02 | C12: 32023R0956 | D12: Regulation (EU) 2023/956 — Carbon Border Adjustment Mechanism (CBAM) | E12: National accreditation bodies | F12: Accreditation authorities | G12: Member State | H12: I | I12: target-facing | J12: accreditation | K12: Accredit and oversee persons acting as CBAM verifiers within the legal framework established by the Regulation. | L12: REL_C02_002 | M12: Article 18 | N12: https://eur-lex.europa.eu/legal-content/EN/TXT/HTML/?uri=CELEX:32023R0956
A13: AR_C02_005 | B13: case_02 | C13: 32023R0956 | D13: Regulation (EU) 2023/956 — Carbon Border Adjustment Mechanism (CBAM) | E13: Customs authorities | F13: Public border-enforcement authorities | G13: Member State | H13: I | I13: bidirectional | J13: border control / information transmission | K13: Gatekeep imports, verify declarant status and transmit customs information into CBAM compliance and oversight processes. | L13: REL_C02_003 | M13: Articles 19 and 25 | N13: https://eur-lex.europa.eu/legal-content/EN/TXT/HTML/?uri=CELEX:32023R0956
A14: AR_C02_006 | B14: case_02 | C14: 32023R0956 | D14: Regulation (EU) 2023/956 — Carbon Border Adjustment Mechanism (CBAM) | E14: CBAM Committee | F14: EU comitology committee | G14: EU | H14: I | I14: regulator-facing | J14: comitology / delegated implementation | K14: Assists the Commission under the committee procedure for implementing acts. | L14: REL_C02_009 | M14: Article 29 | N14: https://eur-lex.europa.eu/legal-content/EN/TXT/HTML/?uri=CELEX:32023R0956
A15: AR_C02_007 | B15: case_02 | C15: 32023R0956 | D15: Regulation (EU) 2023/956 — Carbon Border Adjustment Mechanism (CBAM) | E15: Experts designated by each Member State | F15: Expert/advisory group | G15: Member State-designated | H15: I | I15: regulator-facing | J15: expert consultation / delegated rule-making | K15: Provide mandatory expert consultation before the Commission adopts delegated acts. | L15: REL_C02_010 | M15: Article 28(5) | N15: https://eur-lex.europa.eu/legal-content/EN/TXT/HTML/?uri=CELEX:32023R0956
A16: AR_C02_008 | B16: case_02 | C16: 32023R0956 | D16: Regulation (EU) 2023/956 — Carbon Border Adjustment Mechanism (CBAM) | E16: Authorised CBAM declarants | F16: Regulated economic actors | G16: Market | H16: T | K16: Submit CBAM declarations, surrender certificates and comply with verified embedded-emissions and administrative requirements. | L16: REL_C02_001; REL_C02_003; REL_C02_004; REL_C02_005; REL_C02_009; REL_C02_010 | M16: Articles 4, 6, 8, 17, 19, 22, 25, 26, 28 and 29 | N16: https://eur-lex.europa.eu/legal-content/EN/TXT/HTML/?uri=CELEX:32023R0956
A17: AR_C02_009 | B17: case_02 | C17: 32023R0956 | D17: Regulation (EU) 2023/956 — Carbon Border Adjustment Mechanism (CBAM) | E17: Importers | F17: Regulated economic actors | G17: Market | H17: T | K17: Are subject to border-entry controls and CBAM authorisation requirements when introducing covered goods. | L17: REL_C02_003 | M17: Article 25 | N17: https://eur-lex.europa.eu/legal-content/EN/TXT/HTML/?uri=CELEX:32023R0956
A18: AR_C02_010 | B18: case_02 | C18: 32023R0956 | D18: Regulation (EU) 2023/956 — Carbon Border Adjustment Mechanism (CBAM) | E18: Verifiers | F18: Conformity-assessment actors | G18: Third-party / market | H18: T | K18: Are the direct object of accreditation rules and oversight requirements. | L18: REL_C02_002 | M18: Article 18 | N18: https://eur-lex.europa.eu/legal-content/EN/TXT/HTML/?uri=CELEX:32023R0956
A19: AR_C02_011 | B19: case_02 | C19: 32023R0956 | D19: Regulation (EU) 2023/956 — Carbon Border Adjustment Mechanism (CBAM) | E19: Operators of installations in third countries | F19: Regulated economic actors | G19: Third country / market | H19: T | K19: May seek registration of installations and associated embedded-emissions information in the CBAM registry. | L19: REL_C02_006 | M19: Article 10 | N19: https://eur-lex.europa.eu/legal-content/EN/TXT/HTML/?uri=CELEX:32023R0956
A20: AR_C02_012 | B20: case_02 | C20: 32023R0956 | D20: Regulation (EU) 2023/956 — Carbon Border Adjustment Mechanism (CBAM) | E20: Persons introducing goods without authorisation | F20: Regulated economic actors | G20: Market | H20: T | K20: Are subject to penalties when goods are introduced without required CBAM authorisation. | L20: REL_C02_005 | M20: Article 26 | N20: https://eur-lex.europa.eu/legal-content/EN/TXT/HTML/?uri=CELEX:32023R0956
A21: AR_C02_013 | B21: case_02 | C21: 32023R0956 | D21: Regulation (EU) 2023/956 — Carbon Border Adjustment Mechanism (CBAM) | E21: Third countries or territories seeking electricity-market exemption | F21: Jurisdictional actors | G21: Third country | H21: T | K21: Are subject to Commission assessment of conditions, roadmaps and reports for electricity-related exemption. | L21: REL_C02_007 | M21: Article 2(7)–(9) | N21: https://eur-lex.europa.eu/legal-content/EN/TXT/HTML/?uri=CELEX:32023R0956
A22: AR_C02_014 | B22: case_02 | C22: 32023R0956 | D22: Regulation (EU) 2023/956 — Carbon Border Adjustment Mechanism (CBAM) | E22: Operators affected by delegated acts | F22: Regulated economic actors | G22: Market | H22: T | K22: May be affected by delegated rules on scope, calculation, verification and anti-circumvention measures. | L22: REL_C02_010 | M22: Article 28(5) | N22: https://eur-lex.europa.eu/legal-content/EN/TXT/HTML/?uri=CELEX:32023R0956
A23: AR_C03_001 | B23: case_03 | C23: 32023R1115 | D23: Regulation (EU) 2023/1115 — Deforestation-Free Products Regulation (EUDR) | E23: European Commission | F23: EU institution | G23: EU | H23: R | K23: Supports enforcement architecture, classifies country risk and adopts implementing acts under the Regulation. | L23: REL_C03_001; REL_C03_002; REL_C03_003; REL_C03_007 | M23: Articles 16, 27, 29, 30 and 36 | N23: https://eur-lex.europa.eu/legal-content/EN/TXT/HTML/?uri=CELEX:32023R1115
A24: AR_C03_002 | B24: case_03 | C24: 32023R1115 | D24: Regulation (EU) 2023/1115 — Deforestation-Free Products Regulation (EUDR) | E24: Member State competent authorities | F24: Public regulatory authority | G24: Member State | H24: R | K24: Conduct compliance checks and enforcement, assess substantiated concerns and apply the Regulation's legality framework. | L24: REL_C03_001; REL_C03_002; REL_C03_004; REL_C03_006 | M24: Articles 16, 26, 27 and 31 | N24: https://eur-lex.europa.eu/legal-content/EN/TXT/HTML/?uri=CELEX:32023R1115
A25: AR_C03_003 | B25: case_03 | C25: 32023R1115 | D25: Regulation (EU) 2023/1115 — Deforestation-Free Products Regulation (EUDR) | E25: Customs authorities | F25: Public border-enforcement authorities | G25: Member State | H25: I | I25: bidirectional | J25: border control / information exchange | K25: Use due-diligence status to control customs release and exchange information with competent authorities and the Commission. | L25: REL_C03_002 | M25: Articles 26 and 27 | N25: https://eur-lex.europa.eu/legal-content/EN/TXT/HTML/?uri=CELEX:32023R1115
A26: AR_C03_004 | B26: case_03 | C26: 32023R1115 | D26: Regulation (EU) 2023/1115 — Deforestation-Free Products Regulation (EUDR) | E26: Natural or legal persons submitting substantiated concerns | F26: Public/civil-society reporting actors | G26: External actor class | H26: I | I26: regulator-facing | J26: substantiated-concern reporting | K26: Submit formally recognised evidence of possible non-compliance that competent authorities must assess. | L26: REL_C03_004 | M26: Article 31 | N26: https://eur-lex.europa.eu/legal-content/EN/TXT/HTML/?uri=CELEX:32023R1115
A27: AR_C03_005 | B27: case_03 | C27: 32023R1115 | D27: Regulation (EU) 2023/1115 — Deforestation-Free Products Regulation (EUDR) | E27: FLEGT licensing authorities / licensing scheme | F27: Licensing/certification institutions | G27: International / bilateral | H27: I | I27: bidirectional | J27: licensing / certification | K27: Provide legally recognised FLEGT licences that satisfy the EUDR legality condition for covered wood products. | L27: REL_C03_006 | M27: Article 10(3) | N27: https://eur-lex.europa.eu/legal-content/EN/TXT/HTML/?uri=CELEX:32023R1115
A28: AR_C03_006 | B28: case_03 | C28: 32023R1115 | D28: Regulation (EU) 2023/1115 — Deforestation-Free Products Regulation (EUDR) | E28: Comitology committee under Article 36 | F28: EU comitology committee | G28: EU | H28: I | I28: regulator-facing | J28: comitology / delegated implementation | K28: Assists the Commission under the committee procedure for implementing acts. | L28: REL_C03_007 | M28: Article 36 | N28: https://eur-lex.europa.eu/legal-content/EN/TXT/HTML/?uri=CELEX:32023R1115
A29: AR_C03_007 | B29: case_03 | C29: 32023R1115 | D29: Regulation (EU) 2023/1115 — Deforestation-Free Products Regulation (EUDR) | E29: Operators | F29: Regulated economic actors | G29: Market | H29: T | K29: Must perform due diligence and comply with market-access rules and official checks. | L29: REL_C03_001; REL_C03_002; REL_C03_004; REL_C03_006; REL_C03_007 | M29: Articles 3, 4, 16, 26, 31 and 36 | N29: https://eur-lex.europa.eu/legal-content/EN/TXT/HTML/?uri=CELEX:32023R1115
A30: AR_C03_008 | B30: case_03 | C30: 32023R1115 | D30: Regulation (EU) 2023/1115 — Deforestation-Free Products Regulation (EUDR) | E30: Traders | F30: Regulated economic actors | G30: Market | H30: T | K30: Are subject to the Regulation's traceability, due-diligence and enforcement architecture according to their legal category. | L30: REL_C03_001; REL_C03_002; REL_C03_004; REL_C03_006; REL_C03_007 | M30: Articles 3, 4, 16, 26, 31 and 36 | N30: https://eur-lex.europa.eu/legal-content/EN/TXT/HTML/?uri=CELEX:32023R1115
A31: AR_C03_009 | B31: case_03 | C31: 32023R1115 | D31: Regulation (EU) 2023/1115 — Deforestation-Free Products Regulation (EUDR) | E31: Member States | F31: Governmental actor class | G31: Member State | H31: T | K31: Are included in the country-benchmarking and cooperation architecture at the act/regime level. | L31: REL_C03_003 | M31: Articles 29 and 30 | N31: https://eur-lex.europa.eu/legal-content/EN/TXT/HTML/?uri=CELEX:32023R1115
A32: AR_C03_010 | B32: case_03 | C32: 32023R1115 | D32: Regulation (EU) 2023/1115 — Deforestation-Free Products Regulation (EUDR) | E32: Third countries or parts thereof | F32: Jurisdictional actors | G32: Third country | H32: T | K32: Are classified by deforestation risk and may be engaged through cooperation and dialogue. | L32: REL_C03_003 | M32: Articles 29 and 30 | N32: https://eur-lex.europa.eu/legal-content/EN/TXT/HTML/?uri=CELEX:32023R1115

Sheet INTERMEDIARY_MAP
A1: intermediary_record_id | B1: case_id | C1: celex | D1: act_title | E1: intermediary_actor | F1: orientation | G1: intermediary_function | H1: mechanism_family | I1: mechanism_detail | J1: regulator_context | K1: target_context | L1: supporting_relation_ids | M1: supporting_articles | N1: function_description | O1: source_url
A2: IM_C01_001 | B2: case_01 | C2: 32021R1119 | D2: Regulation (EU) 2021/1119 — European Climate Law | E2: Energy Union Committee | F2: regulator-facing | G2: comitology assistance | H2: other | I2: comitology / delegated implementation | J2: European Commission | K2: Member States | L2: REL_C01_008 | M2: Article 13(b) | N2: Assists the Commission in adopting implementing rules governing Member State reporting arrangements. | O2: https://eur-lex.europa.eu/legal-content/EN/TXT/HTML/?uri=CELEX:32021R1119
A3: IM_C01_002 | B3: case_01 | C3: 32021R1119 | D3: Regulation (EU) 2021/1119 — European Climate Law | E3: European Environment Agency (EEA) | F3: regulator-facing | G3: scientific/technical reporting and assessment support | H3: reporting | I3: reporting / assessment support | J3: European Commission | K3: Member States | L3: REL_C01_003 | M3: Articles 8(3)(b) and 8(4) | N3: Provides reports and assessment support institutionally integrated into Commission oversight of Member State climate progress and measures. | O3: https://eur-lex.europa.eu/legal-content/EN/TXT/HTML/?uri=CELEX:32021R1119
A4: IM_C01_003 | B4: case_01 | C4: 32021R1119 | D4: Regulation (EU) 2021/1119 — European Climate Law | E4: European Scientific Advisory Board on Climate Change | F4: regulator-facing | G4: scientific reporting | H4: reporting | I4: reporting / scientific expertise | J4: European Commission | K4: Member States | L4: REL_C01_003 | M4: Article 8(3)(b) | N4: Provides scientific reports that the Commission must use among the bases for its assessments of Member State progress and measures. | O4: https://eur-lex.europa.eu/legal-content/EN/TXT/HTML/?uri=CELEX:32021R1119
A5: IM_C01_004 | B5: case_01 | C5: 32021R1119 | D5: Regulation (EU) 2021/1119 — European Climate Law | E5: European Scientific Advisory Board on Climate Change | F5: regulator-facing | G5: scientific advice | H5: other | I5: scientific advice / standard-setting support | J5: European Commission | K5: Member States | L5: REL_C01_007 | M5: Article 4(4) | N5: Provides advice that the Commission must take into account when preparing the Union greenhouse-gas budget and future climate-target proposal. | O5: https://eur-lex.europa.eu/legal-content/EN/TXT/HTML/?uri=CELEX:32021R1119
A6: IM_C02_001 | B6: case_02 | C6: 32023R0956 | D6: Regulation (EU) 2023/956 — Carbon Border Adjustment Mechanism (CBAM) | E6: Accredited verifiers | F6: bidirectional | G6: independent verification | H6: auditing | I6: verification / assurance | J6: European Commission; Member State competent authorities | K6: Authorised CBAM declarants | L6: REL_C02_001 | M6: Articles 6 and 8 | N6: Verify embedded-emissions data reported by declarants before that information enters the CBAM compliance system. | O6: https://eur-lex.europa.eu/legal-content/EN/TXT/HTML/?uri=CELEX:32023R0956
A7: IM_C02_002 | B7: case_02 | C7: 32023R0956 | D7: Regulation (EU) 2023/956 — Carbon Border Adjustment Mechanism (CBAM) | E7: National accreditation bodies | F7: target-facing | G7: accreditation | H7: certification | I7: accreditation | J7: European Commission | K7: Verifiers | L7: REL_C02_002 | M7: Article 18 | N7: Accredit and oversee the actors authorised to perform CBAM verification. | O7: https://eur-lex.europa.eu/legal-content/EN/TXT/HTML/?uri=CELEX:32023R0956
A8: IM_C02_003 | B8: case_02 | C8: 32023R0956 | D8: Regulation (EU) 2023/956 — Carbon Border Adjustment Mechanism (CBAM) | E8: Customs authorities | F8: bidirectional | G8: border gatekeeping and information transmission | H8: other | I8: information transmission / border enforcement support | J8: European Commission; Member State competent authorities | K8: Authorised CBAM declarants; importers | L8: REL_C02_003 | M8: Articles 19 and 25 | N8: Control import entry and transmit customs information used in CBAM oversight and compliance review. | O8: https://eur-lex.europa.eu/legal-content/EN/TXT/HTML/?uri=CELEX:32023R0956
A9: IM_C02_004 | B9: case_02 | C9: 32023R0956 | D9: Regulation (EU) 2023/956 — Carbon Border Adjustment Mechanism (CBAM) | E9: CBAM Committee | F9: regulator-facing | G9: comitology assistance | H9: other | I9: comitology / delegated implementation | J9: European Commission | K9: Authorised CBAM declarants | L9: REL_C02_009 | M9: Article 29 | N9: Assists the Commission under the examination procedure for implementing acts. | O9: https://eur-lex.europa.eu/legal-content/EN/TXT/HTML/?uri=CELEX:32023R0956
A10: IM_C02_005 | B10: case_02 | C10: 32023R0956 | D10: Regulation (EU) 2023/956 — Carbon Border Adjustment Mechanism (CBAM) | E10: Experts designated by each Member State | F10: regulator-facing | G10: expert consultation | H10: other | I10: expert consultation / delegated rule-making | J10: European Commission | K10: Authorised CBAM declarants; operators affected by delegated acts | L10: REL_C02_010 | M10: Article 28(5) | N10: Provide formally required expert input before the Commission adopts delegated acts. | O10: https://eur-lex.europa.eu/legal-content/EN/TXT/HTML/?uri=CELEX:32023R0956
A11: IM_C03_001 | B11: case_03 | C11: 32023R1115 | D11: Regulation (EU) 2023/1115 — Deforestation-Free Products Regulation (EUDR) | E11: Customs authorities | F11: bidirectional | G11: border gatekeeping and information exchange | H11: other | I11: information transmission / border enforcement support | J11: Member State competent authorities; European Commission | K11: Operators; traders | L11: REL_C03_002 | M11: Articles 26 and 27 | N11: Use due-diligence status to suspend or release products and exchange enforcement information with competent authorities and the Commission. | O11: https://eur-lex.europa.eu/legal-content/EN/TXT/HTML/?uri=CELEX:32023R1115
A12: IM_C03_002 | B12: case_03 | C12: 32023R1115 | D12: Regulation (EU) 2023/1115 — Deforestation-Free Products Regulation (EUDR) | E12: Natural or legal persons submitting substantiated concerns | F12: regulator-facing | G12: formal reporting of substantiated concerns | H12: reporting | I12: substantiated-concern reporting / enforcement trigger | J12: Member State competent authorities | K12: Operators; traders | L12: REL_C03_004 | M12: Article 31 | N12: Submit formally recognised evidence of possible non-compliance that competent authorities must assess and may investigate. | O12: https://eur-lex.europa.eu/legal-content/EN/TXT/HTML/?uri=CELEX:32023R1115
... A14: IM_C03_004 | B14: case_03 | C14: 32023R1115 | D14: Regulation (EU) 2023/1115 — Deforestation-Free Products Regulation (EUDR) | E14: Comitology committee under Article 36 | F14: regulator-facing | G14: comitology assistance | H14: other | I14: comitology / delegated implementation | J14: European Commission | K14: Operators; traders | L14: REL_C03_007 | M14: Article 36 | N14: Assists the Commission under the committee procedure for implementing acts. | O14: https://eur-lex.europa.eu/legal-content/EN/TXT/HTML/?uri=CELEX:32023R1115

Sheet RELATION_EVIDENCE
A1: relation_id | B1: case_id | C1: celex | D1: act_title | E1: relation_type | F1: regulator | G1: intermediary | H1: target | I1: regulatory_action | J1: intermediary_function | K1: intermediation_orientation | L1: mechanism_family | M1: mechanism_detail | N1: source_anchor | O1: evidence_summary | P1: source_url
A2: REL_C01_001 | B2: case_01 | C2: 32021R1119 | D2: Regulation (EU) 2021/1119 — European Climate Law | E2: direct | F2: European Parliament and Council | H2: Member States; relevant Union institutions | I2: Establish binding Union climate-neutrality and 2030 mitigation objectives and require implementation measures. | K2: none | L2: none | M2: binding target-setting / standard-setting | N2: Articles 2(2) and 4(1) | O2: The Regulation binds relevant Union institutions and Member States to take measures toward climate neutrality and fixes the Union 2030 emissions-reduction target. | P2: https://eur-lex.europa.eu/legal-content/EN/TXT/HTML/?uri=CELEX:32021R1119
A3: REL_C01_002 | B3: case_01 | C3: 32021R1119 | D3: Regulation (EU) 2021/1119 — European Climate Law | E3: direct | F3: European Commission | H3: Member States | I3: Set the Union adaptation strategy and require Member States to adopt, implement and update national adaptation strategies and plans. | K3: none | L3: none | M3: standard-setting / reporting | N3: Article 5(2) and 5(4) | O3: Member States must adopt and implement national adaptation strategies and regularly update related information, taking the Union strategy into consideration. | P3: https://eur-lex.europa.eu/legal-content/EN/TXT/HTML/?uri=CELEX:32021R1119
A4: REL_C01_003 | B4: case_01 | C4: 32021R1119 | D4: Regulation (EU) 2021/1119 — European Climate Law | E4: intermediated | F4: European Commission | G4: European Environment Agency (EEA); European Scientific Advisory Board on Climate Change | H4: Member States | I4: Assess collective progress and consistency of national measures and, where appropriate, issue recommendations. | J4: Scientific/technical reporting and assessment support integrated into Commission oversight. | K4: regulator-facing | L4: reporting | M4: reporting / assessment support / scientific expertise | N4: Articles 7, 8(3)(b) and 8(4) | O4: Commission assessments of Member State progress and measures are expressly based on EEA and Advisory Board reports; the EEA also assists preparation of those assessments. | P4: https://eur-lex.europa.eu/legal-content/EN/TXT/HTML/?uri=CELEX:32021R1119
A5: REL_C01_007 | B5: case_01 | C5: 32021R1119 | D5: Regulation (EU) 2021/1119 — European Climate Law | E5: intermediated | F5: European Commission | G5: European Scientific Advisory Board on Climate Change | H5: Member States | I5: Prepare the 2040 climate-target proposal and projected greenhouse-gas budget using independent scientific input. | J5: Scientific advice shaping the Commission's formulation of future Union climate targets and budgets. | K5: regulator-facing | L5: other | M5: scientific advice / standard-setting support | N5: Article 4(3)–(5) | O5: The Commission must take the Advisory Board's advice into account when preparing the projected Union greenhouse-gas budget and the 2040 target proposal. | P5: https://eur-lex.europa.eu/legal-content/EN/TXT/HTML/?uri=CELEX:32021R1119
A6: REL_C01_008 | B6: case_01 | C6: 32021R1119 | D6: Regulation (EU) 2021/1119 — European Climate Law | E6: intermediated | F6: European Commission | G6: Energy Union Committee | H6: Member States | I6: Adopt implementing acts specifying the structure, format, technical details and process for Member State reporting. | J6: Comitology assistance to the Commission in the adoption of binding implementing rules. | K6: regulator-facing | L6: other | M6: comitology / delegated implementation | N6: Article 13(b), amending Regulation (EU) 2018/1999 | O6: The Commission adopts implementing acts while assisted by the Energy Union Committee, with the acts governing Member State reporting arrangements. | P6: https://eur-lex.europa.eu/legal-content/EN/TXT/HTML/?uri=CELEX:32021R1119
A7: REL_C02_001 | B7: case_02 | C7: 32023R0956 | D7: Regulation (EU) 2023/956 — Carbon Border Adjustment Mechanism (CBAM) | E7: intermediated | F7: European Commission; Member State competent authorities | G7: Accredited verifiers | H7: Authorised CBAM declarants | I7: Require independent verification of declared embedded emissions and use verified declarations for CBAM compliance review. | J7: Independent verification of embedded-emissions data reported by declarants. | K7: bidirectional | L7: auditing | M7: verification / assurance | N7: Articles 6(2)(d) and 8(1)–(3) | O7: Declared embedded emissions must be verified by an accredited verifier under the Regulation's verification principles. | P7: https://eur-lex.europa.eu/legal-content/EN/TXT/HTML/?uri=CELEX:32023R0956
A8: REL_C02_002 | B8: case_02 | C8: 32023R0956 | D8: Regulation (EU) 2023/956 — Carbon Border Adjustment Mechanism (CBAM) | E8: intermediated | F8: European Commission | G8: National accreditation bodies | H8: Verifiers | I8: Structure and oversee the accreditation of persons that verify CBAM emissions declarations. | J8: Accreditation and institutional oversight of verifiers. | K8: target-facing | L8: certification | M8: accreditation | N8: Article 18(1)–(3) | O8: National accreditation bodies may accredit persons as CBAM verifiers, within conditions and oversight requirements established under the Regulation. | P8: https://eur-lex.europa.eu/legal-content/EN/TXT/HTML/?uri=CELEX:32023R0956
A9: REL_C02_003 | B9: case_02 | C9: 32023R0956 | D9: Regulation (EU) 2023/956 — Carbon Border Adjustment Mechanism (CBAM) | E9: intermediated | F9: European Commission; Member State competent authorities | G9: Customs authorities | H9: Authorised CBAM declarants; importers | I9: Control import entry, verify declarant status and transmit customs information supporting CBAM compliance review and risk controls. | J9: Border gatekeeping and regulatory information transmission. | K9: bidirectional | L9: other | M9: information transmission / border enforcement support | N9: Articles 19(2)–(3) and 25(1)–(4) | O9: Customs authorities restrict importation to authorised declarants and transmit import information that supports Commission and competent-authority compliance review. | P9: https://eur-lex.europa.eu/legal-content/EN/TXT/HTML/?uri=CELEX:32023R0956
A10: REL_C02_004 | B10: case_02 | C10: 32023R0956 | D10: Regulation (EU) 2023/956 — Carbon Border Adjustment Mechanism (CBAM) | E10: direct | F10: European Commission; Member State competent authorities | H10: Authorised CBAM declarants | I10: Authorise declarants, administer registration, review declarations and monitor certificate surrender. | K10: none | L10: none | M10: authorisation / registry / compliance administration | N10: Articles 4, 17, 19 and 22 | O10: The Regulation creates a direct administrative and supervisory relationship between EU/Member State authorities and authorised CBAM declarants. | P10: https://eur-lex.europa.eu/legal-content/EN/TXT/HTML/?uri=CELEX:32023R0956
A11: REL_C02_005 | B11: case_02 | C11: 32023R0956 | D11: Regulation (EU) 2023/956 — Carbon Border Adjustment Mechanism (CBAM) | E11: direct | F11: Member State competent authorities | H11: Authorised CBAM declarants; persons introducing goods without authorisation | I11: Impose penalties for failures to comply with certificate-surrender and authorisation requirements. | K11: none | L11: none | M11: enforcement / penalties | N11: Article 26(1)–(6) | O11: Competent authorities impose monetary penalties for specified CBAM non-compliance and unauthorised introduction of goods. | P11: https://eur-lex.europa.eu/legal-content/EN/TXT/HTML/?uri=CELEX:32023R0956
A12: REL_C02_006 | B12: case_02 | C12: 32023R0956 | D12: Regulation (EU) 2023/956 — Carbon Border Adjustment Mechanism (CBAM) | E12: direct | F12: European Commission | H12: Operators of installations in third countries | I12: Register third-country operators and installations and structure the use of installation-level embedded-emissions information. | K12: none | L12: none | M12: registration / emissions-information governance | N12: Article 10(1)–(8) | O12: The Commission registers eligible third-country operators and installations in the CBAM registry for use of installation emissions information. | P12: https://eur-lex.europa.eu/legal-content/EN/TXT/HTML/?uri=CELEX:32023R0956
A13: REL_C02_007 | B13: case_02 | C13: 32023R0956 | D13: Regulation (EU) 2023/956 — Carbon Border Adjustment Mechanism (CBAM) | E13: direct | F13: European Commission | H13: Third countries or territories seeking electricity-market exemption | I13: Assess roadmaps, reports and implementation conditions for granting, maintaining or withdrawing an electricity-market exemption. | K13: none | L13: none | M13: conditional exemption / monitoring | N13: Article 2(7)–(9) | O13: The Commission assesses compliance with the Regulation's conditions for electricity-related exemptions and may remove an exemption when conditions cease to be met. | P13: https://eur-lex.europa.eu/legal-content/EN/TXT/HTML/?uri=CELEX:32023R0956
A14: REL_C02_009 | B14: case_02 | C14: 32023R0956 | D14: Regulation (EU) 2023/956 — Carbon Border Adjustment Mechanism (CBAM) | E14: intermediated | F14: European Commission | G14: CBAM Committee | H14: Authorised CBAM declarants | I14: Adopt implementing measures under the committee examination procedure for operational CBAM requirements. | J14: Comitology assistance to the Commission in adopting implementing acts. | K14: regulator-facing | L14: other | M14: comitology / delegated implementation | N14: Article 29(1)–(2) | O14: The Commission is assisted by the CBAM Committee under the Regulation's committee procedure when adopting implementing acts. | P14: https://eur-lex.europa.eu/legal-content/EN/TXT/HTML/?uri=CELEX:32023R0956
A15: REL_C02_010 | B15: case_02 | C15: 32023R0956 | D15: Regulation (EU) 2023/956 — Carbon Border Adjustment Mechanism (CBAM) | E15: intermediated | F15: European Commission | G15: Experts designated by each Member State | H15: Authorised CBAM declarants; operators affected by delegated acts | I15: Develop delegated rules affecting CBAM scope, calculation, verification and anti-circumvention requirements. | J15: Formal expert consultation feeding delegated rule-making. | K15: regulator-facing | L15: other | M15: expert consultation / delegated rule-making | N15: Article 28(5) | O15: Before adopting delegated acts, the Commission must consult experts designated by each Member State. | P15: https://eur-lex.europa.eu/legal-content/EN/TXT/HTML/?uri=CELEX:32023R0956
A16: REL_C03_001 | B16: case_03 | C16: 32023R1115 | D16: Regulation (EU) 2023/1115 — Deforestation-Free Products Regulation (EUDR) | E16: direct | F16: Member State competent authorities; European Commission | H16: Operators; traders | I16: Require due diligence and compliance for products placed on, made available on, or exported from the Union market, backed by official checks. | K16: none | L16: none | M16: due diligence / supervision / enforcement | N16: Articles 3, 4 and 16 | O16: Operators and traders are directly subject to due-diligence and market-access obligations, while competent authorities conduct checks to establish compliance. | P16: https://eur-lex.europa.eu/legal-content/EN/TXT/HTML/?uri=CELEX:32023R1115
A17: REL_C03_002 | B17: case_03 | C17: 32023R1115 | D17: Regulation (EU) 2023/1115 — Deforestation-Free Products Regulation (EUDR) | E17: intermediated | F17: Member State competent authorities; European Commission | G17: Customs authorities | H17: Operators; traders | I17: Control customs release using due-diligence-statement status and exchange information supporting enforcement of the market-access rules. | J17: Border gatekeeping and regulatory information exchange. | K17: bidirectional | L17: other | M17: information transmission / border enforcement support | N17: Articles 26(3)–(9) and 27 | O17: Customs authorities use due-diligence status to suspend or release products and cooperate with competent authorities and the Commission through information exchange. | P17: https://eur-lex.europa.eu/legal-content/EN/TXT/HTML/?uri=CELEX:32023R1115
A18: REL_C03_003 | B18: case_03 | C18: 32023R1115 | D18: Regulation (EU) 2023/1115 — Deforestation-Free Products Regulation (EUDR) | E18: direct | F18: European Commission | H18: Member States; third countries or parts thereof | I18: Classify countries or parts thereof by deforestation risk and structure cooperation and dialogue associated with the benchmarking system. | K18: none | L18: none | M18: risk classification / coordination | N18: Articles 29 and 30 | O18: The Commission maintains the country-risk classification by implementing acts and may engage in cooperation and dialogue relevant to risk reduction. | P18: https://eur-lex.europa.eu/legal-content/EN/TXT/HTML/?uri=CELEX:32023R1115
A19: REL_C03_004 | B19: case_03 | C19: 32023R1115 | D19: Regulation (EU) 2023/1115 — Deforestation-Free Products Regulation (EUDR) | E19: intermediated | F19: Member State competent authorities | G19: Natural or legal persons submitting substantiated concerns | H19: Operators; traders | I19: Trigger assessment and potential checks or interim measures through formally submitted substantiated concerns about non-compliance. | J19: Formal evidence-based reporting that activates supervisory assessment. | K19: regulator-facing | L19: reporting | M19: substantiated-concern reporting / enforcement trigger | N19: Article 31(1)–(2) | O19: Natural or legal persons may submit substantiated concerns, which competent authorities must assess and may follow with checks, hearings or interim measures. | P19: https://eur-lex.europa.eu/legal-content/EN/TXT/HTML/?uri=CELEX:32023R1115
A20: REL_C03_006 | B20: case_03 | C20: 32023R1115 | D20: Regulation (EU) 2023/1115 — Deforestation-Free Products Regulation (EUDR) | E20: intermediated | F20: Member State competent authorities | G20: FLEGT licensing authorities / licensing scheme | H20: Operators; traders of FLEGT-licensed wood products | I20: Use a valid FLEGT licence as legally recognised evidence of compliance with the legality condition for covered wood products. | J20: Third-party licensing/certification of legality incorporated into the EUDR compliance framework. | K20: bidirectional | L20: certification | M20: licensing / certification | N20: Article 10(3) | O20: Wood products covered by a valid FLEGT licence from an operational licensing scheme are deemed to satisfy the EUDR legality requirement. | P20: https://eur-lex.europa.eu/legal-content/EN/TXT/HTML/?uri=CELEX:32023R1115
A21: REL_C03_007 | B21: case_03 | C21: 32023R1115 | D21: Regulation (EU) 2023/1115 — Deforestation-Free Products Regulation (EUDR) | E21: intermediated | F21: European Commission | G21: Comitology committee under Article 36 | H21: Operators; traders | I21: Adopt implementing acts governing operational aspects of the Regulation through the committee examination procedure. | J21: Comitology assistance to the Commission in adopting implementing acts. | K21: regulator-facing | L21: other | M21: comitology / delegated implementation | N21: Article 36(1)–(2) | O21: The Commission is assisted by a committee under the Regulation's committee procedure for implementing acts. | P21: https://eur-lex.europa.eu/legal-content/EN/TXT/HTML/?uri=CELEX:32023R1115

Sheet DATA_DICTIONARY
A1: category | B1: field_or_sheet | C1: definition
A2: Dataset structure | B2: ACT_SUMMARY | C2: One row per legal act; overview of final relation and intermediary architecture.
A3: Dataset structure | B3: ACTOR_ROLE_MAP | C3: One row per Case × normalized Actor × Role (R, I or T). Roles are relational and may differ across cases or regulatory contexts.
A4: Dataset structure | B4: INTERMEDIARY_MAP | C4: One row per intermediary actor × intermediary function/mechanism within a case. The same intermediary may have more than one function.
A5: Dataset structure | B5: RELATION_EVIDENCE | C5: One row per final accepted regulatory episode/relation. This is the evidentiary layer supporting actor-role classifications.
A6: Core field | B6: role | C6: R = regulator/rule-maker in the coded episode; I = intermediary; T = target/rule-taker.
A7: Core field | B7: relation_type | C7: direct = R–T without intermediary; intermediated = R–I–T architecture supported by operative evidence.
A8: Core field | B8: intermediation_orientation | C8: regulator-facing, target-facing, or bidirectional; none for direct relationships.
A9: Core field | B9: mechanism_family | C9: Focal empirical family: reporting, certification, auditing, ranking/rating, other, or none.
A10: Core field | B10: mechanism_detail | C10: Fine-grained function/mechanism used to preserve substantive specificity beyond the focal mechanism families.
A11: Evidence rule | B11: source_anchor | C11: Article-level operative legal location supporting the coding.
A12: Evidence rule | B12: evidence_summary | C12: Concise source-bounded summary of the operative legal basis. Recitals are not used as stand-alone positive evidence.
... A15: Interpretive rule | B15: external influence | C15: Mere opinion, consultation, expertise or influence is insufficient unless integrated into the operative regulatory architecture.
